date,log_gen_count
2025-01-23,"	 19.47"
2025-01-24,"	 43.84"
2025-01-25,"	 106.73"
2025-01-26,"	 82.38"
2025-01-27,"		45.6"
2025-01-28,"	 45.17"
2025-01-29,"	 45.02"
2025-01-30,"	 43.78"
2025-01-31,"	 44.12"
2025-02-01,"	 81.74"
2025-02-02,"	 95.46"
2025-02-03,"		44.6"
2025-02-04,"		 46"
2025-02-05,"	 44.34"
2025-02-06,"	 45.22"
2025-02-07,"	 44.08"
2025-02-08,"	 78.18"
2025-02-09,"	 80.45"
2025-02-10,"	 44.54"
2025-02-11,"	 43.72"
2025-02-12,"		46.1"
2025-02-13,"	 44.97"
2025-02-14,"	 43.38"
2025-02-15,"	 99.24"
2025-02-16,"	 63.22"
2025-02-17,"	 44.82"
2025-02-18,"	 45.91"
2025-02-19,"	 44.96"
2025-02-20,"		45.3"
2025-02-21,"	 44.49"
2025-02-22,"	 103.35"
2025-02-23,"	 87.43"
2025-02-24,"		46.4"
2025-02-25,"	 23.04"
